SampleID,Project,Treatment,Age,Genetics,Organism,Sample.type,Tank,Day_num,Replicate
T1-1,Marissa,Control,Day 01,1,Pacific oyster,Larvae,1,1,1
T13-1,Marissa,Control,Day 01,3,Pacific oyster,Larvae,13,1,1
T16-1-r1,James,Antibiotics,Day 01,3,Pacific oyster,Larvae,16,1,1
T16-1-r2,James,Antibiotics,Day 01,3,Pacific oyster,Larvae,16,1,2
T17-1-r1,James,High temperature,Day 01,3,Pacific oyster,Larvae,17,1,1
T17-1-r2,James,High temperature,Day 01,3,Pacific oyster,Larvae,17,1,2
T17-2,Marissa,High temperature,Day 01,3,Pacific oyster,Larvae,17,1,3
T18-1-r1,James,Antibiotics + HT,Day 01,3,Pacific oyster,Larvae,18,1,1
T18-1-r2,James,Antibiotics + HT,Day 01,3,Pacific oyster,Larvae,18,1,2
T19-1,Marissa,Control,Day 01,4,Pacific oyster,Larvae,19,1,1
T7-1,Marissa,Control,Day 01,2,Pacific oyster,Larvae,7,1,1
T1-3,Marissa,Control,Day 03,1,Pacific oyster,Larvae,1,3,1
T13-3,Marissa,Control,Day 03,3,Pacific oyster,Larvae,13,3,1
T16-3-r1,James,Antibiotics,Day 03,3,Pacific oyster,Larvae,16,3,1
T16-3-r2,James,Antibiotics,Day 03,3,Pacific oyster,Larvae,16,3,2
T17-3,Marissa,High temperature,Day 03,3,Pacific oyster,Larvae,17,3,1
T17-3-r1,James,High temperature,Day 03,3,Pacific oyster,Larvae,17,3,2
T17-3-r2,James,High temperature,Day 03,3,Pacific oyster,Larvae,17,3,3
T18-3-r1,James,Antibiotics + HT,Day 03,3,Pacific oyster,Larvae,18,3,1
T18-3-r2,James,Antibiotics + HT,Day 03,3,Pacific oyster,Larvae,18,3,2
T19-3,Marissa,Control,Day 03,4,Pacific oyster,Larvae,19,3,1
T7-3,Marissa,Control,Day 03,2,Pacific oyster,Larvae,7,3,1
T1-6,Marissa,Control,Day 06,1,Pacific oyster,Larvae,1,6,1
T13-6,Marissa,Control,Day 06,3,Pacific oyster,Larvae,13,6,1
T16-6-r1,James,Antibiotics,Day 06,3,Pacific oyster,Larvae,16,6,1
T16-6-r2,James,Antibiotics,Day 06,3,Pacific oyster,Larvae,16,6,2
T17-6,Marissa,High temperature,Day 06,3,Pacific oyster,Larvae,17,6,1
T17-6-r1,James,High temperature,Day 06,3,Pacific oyster,Larvae,17,6,2
T17-6-r2,James,High temperature,Day 06,3,Pacific oyster,Larvae,17,6,3
T18-6-r1,James,Antibiotics + HT,Day 06,3,Pacific oyster,Larvae,18,6,1
T18-6-r2,James,Antibiotics + HT,Day 06,3,Pacific oyster,Larvae,18,6,2
T19-6,Marissa,Control,Day 06,4,Pacific oyster,Larvae,19,6,1
T7-6,Marissa,Control,Day 06,2,Pacific oyster,Larvae,7,6,1
T16-8-r1,James,Antibiotics,Day 08,3,Pacific oyster,Larvae,16,8,1
T16-8-r2,James,Antibiotics,Day 08,3,Pacific oyster,Larvae,16,8,2
T16-8-r3,James,Antibiotics,Day 08,3,Pacific oyster,Larvae,16,8,3
T17-8-r1,James,High temperature,Day 08,3,Pacific oyster,Larvae,17,8,1
T17-8-r2,James,High temperature,Day 08,3,Pacific oyster,Larvae,17,8,2
T17-8-r3,James,High temperature,Day 08,3,Pacific oyster,Larvae,17,8,3
T18-8-r1,James,Antibiotics + HT,Day 08,3,Pacific oyster,Larvae,18,8,1
T18-8-r2,James,Antibiotics + HT,Day 08,3,Pacific oyster,Larvae,18,8,2
T16-10-r1,James,Antibiotics,Day 10,3,Pacific oyster,Larvae,16,10,1
T16-10-r2,James,Antibiotics,Day 10,3,Pacific oyster,Larvae,16,10,2
T17-10-r1,James,High temperature,Day 10,3,Pacific oyster,Larvae,17,10,1
T17-10-r2,James,High temperature,Day 10,3,Pacific oyster,Larvae,17,10,2
T17-10-r3,James,High temperature,Day 10,3,Pacific oyster,Larvae,17,10,3
T18-10-r1,James,Antibiotics + HT,Day 10,3,Pacific oyster,Larvae,18,10,1
T18-10-r2,James,Antibiotics + HT,Day 10,3,Pacific oyster,Larvae,18,10,2
T18-10-r3,James,Antibiotics + HT,Day 10,3,Pacific oyster,Larvae,18,10,3
T1-15,Marissa,Control,Day 15,1,Pacific oyster,Larvae,1,15,1
T13-15,Marissa,Control,Day 15,3,Pacific oyster,Larvae,13,15,1
T16-15-r1,James,Antibiotics,Day 15,3,Pacific oyster,Larvae,16,15,1
T16-15-r2,James,Antibiotics,Day 15,3,Pacific oyster,Larvae,16,15,2
T16-15-r3,James,Antibiotics,Day 15,3,Pacific oyster,Larvae,16,15,3
T17-15,Marissa,High temperature,Day 15,3,Pacific oyster,Larvae,17,15,1
T17-15-r1,James,High temperature,Day 15,3,Pacific oyster,Larvae,17,15,2
T17-15-r2,James,High temperature,Day 15,3,Pacific oyster,Larvae,17,15,3
T18-15-r1,James,Antibiotics + HT,Day 15,3,Pacific oyster,Larvae,18,15,1
T18-15-r2,James,Antibiotics + HT,Day 15,3,Pacific oyster,Larvae,18,15,2
T18-15-r3,James,Antibiotics + HT,Day 15,3,Pacific oyster,Larvae,18,15,3
T7-15,Marissa,Control,Day 15,2,Pacific oyster,Larvae,7,15,1
