animal,treatment,genetics,tank,dose,TE,Binary
1,A,3,13,2,4,1
2,A,3,13,2,5,0
3,A,3,13,2,5,0
4,A,3,13,2,5,0
5,A,3,13,2,5,0
6,A,3,13,2,5,0
7,A,3,13,2,5,0
8,A,3,13,2,5,0
9,A,3,13,2,5,0
10,A,3,13,2,5,0
11,A,3,13,2,4,1
12,A,3,13,2,4,1
13,A,3,13,2,4,1
14,A,3,13,2,5,0
15,A,3,13,2,5,0
16,A,3,13,2,5,0
17,A,3,13,2,5,0
18,A,3,13,2,5,0
19,A,3,13,2,5,0
20,A,3,13,2,5,0
21,A,3,13,2,4,1
22,A,3,13,2,5,0
23,A,3,13,2,5,0
24,A,3,13,2,5,0
25,A,3,13,2,5,0
26,A,3,13,2,5,0
27,A,3,13,2,5,0
28,A,3,13,2,5,0
29,A,3,13,2,5,0
30,A,3,13,2,5,0
31,A,3,13,2,4,1
32,A,3,13,2,5,0
33,A,3,13,2,5,0
34,A,3,13,2,5,0
35,A,3,13,2,5,0
36,A,3,13,2,5,0
37,A,3,13,2,5,0
38,A,3,13,2,5,0
39,A,3,13,1,5,0
40,A,3,13,1,5,0
41,B,3,16,2,4,1
42,B,3,16,2,4,1
43,B,3,16,2,4,1
44,B,3,16,2,4,1
45,B,3,16,2,4,1
46,B,3,16,2,4,1
47,B,3,16,2,4,1
48,B,3,16,2,4,1
49,B,3,16,2,4,1
50,B,3,16,2,5,0
51,B,3,16,2,5,0
52,B,3,16,2,5,0
53,B,3,16,2,5,0
54,B,3,16,2,5,0
55,B,3,16,2,5,0
56,B,3,16,2,5,0
57,B,3,16,2,5,0
58,B,3,16,2,5,0
59,B,3,16,2,5,0
60,B,3,16,2,5,0
61,B,3,16,2,4,1
62,B,3,16,2,4,1
63,B,3,16,2,4,1
64,B,3,16,2,4,1
65,B,3,16,2,4,1
66,B,3,16,2,4,1
67,B,3,16,2,4,1
68,B,3,16,2,4,1
69,B,3,16,2,5,0
70,B,3,16,2,5,0
71,B,3,16,2,4,1
72,B,3,16,2,4,1
73,B,3,16,2,5,0
74,B,3,16,2,5,0
75,B,3,16,2,5,0
76,B,3,16,2,5,0
77,B,3,16,2,5,0
78,B,3,16,2,5,0
79,B,3,16,2,5,0
80,B,3,16,2,5,0
81,C,3,17,2,3,1
82,C,3,17,2,3,1
83,C,3,17,2,4,1
84,C,3,17,2,4,1
85,C,3,17,2,4,1
86,C,3,17,2,4,1
87,C,3,17,2,4,1
88,C,3,17,2,4,1
89,C,3,17,2,4,1
90,C,3,17,2,4,1
91,C,3,17,2,3,1
92,C,3,17,2,4,1
93,C,3,17,2,4,1
94,C,3,17,2,4,1
95,C,3,17,2,4,1
96,C,3,17,2,4,1
97,C,3,17,2,4,1
98,C,3,17,2,5,0
99,C,3,17,2,5,0
100,C,3,17,2,5,0
101,C,3,17,2,3,1
102,C,3,17,2,4,1
103,C,3,17,2,4,1
104,C,3,17,2,4,1
105,C,3,17,2,4,1
106,C,3,17,2,4,1
107,C,3,17,2,4,1
108,C,3,17,2,5,0
109,C,3,17,2,5,0
110,C,3,17,2,5,0
111,C,3,17,2,4,1
112,C,3,17,2,4,1
113,C,3,17,2,4,1
114,C,3,17,2,4,1
115,C,3,17,2,5,0
116,C,3,17,2,5,0
117,C,3,17,2,5,0
118,C,3,17,2,5,0
119,C,3,17,2,5,0
120,C,3,17,2,5,0
121,D,3,18,2,3,1
122,D,3,18,2,3,1
123,D,3,18,2,4,1
124,D,3,18,2,4,1
125,D,3,18,2,4,1
126,D,3,18,2,4,1
127,D,3,18,2,4,1
128,D,3,18,2,4,1
129,D,3,18,2,4,1
130,D,3,18,2,4,1
131,D,3,18,2,3,1
132,D,3,18,2,4,1
133,D,3,18,2,4,1
134,D,3,18,2,4,1
135,D,3,18,2,4,1
136,D,3,18,2,4,1
137,D,3,18,2,4,1
138,D,3,18,2,5,0
139,D,3,18,2,5,0
140,D,3,18,2,5,0
141,D,3,18,2,3,1
142,D,3,18,2,4,1
143,D,3,18,2,4,1
144,D,3,18,2,4,1
145,D,3,18,2,4,1
146,D,3,18,2,4,1
147,D,3,18,2,4,1
148,D,3,18,2,4,1
149,D,3,18,2,5,0
150,D,3,18,2,5,0
151,D,3,18,2,4,1
152,D,3,18,2,4,1
153,D,3,18,2,5,0
154,D,3,18,2,5,0
155,D,3,18,2,5,0
156,D,3,18,2,5,0
157,D,3,18,2,5,0
158,D,3,18,2,5,0
159,D,3,18,2,5,0
160,D,3,18,2,5,0