"ASV","s.Antibiotics","s.Antibiotics + HT","s.Control","s.High temperature","index","stat","p.value","Day","Phylum","Class","Order","Family","Genus"
"ASV273",1,0,0,0,1,0.982496183037105,6e-04,"Day 01","Bacteroidota","Bacteroidia","Flavobacteriales","Flavobacteriaceae","Unclassified"
"ASV329",1,0,0,0,1,0.858012547092405,0.0025,"Day 01","Proteobacteria","Gammaproteobacteria","Enterobacterales","Colwelliaceae","Colwellia"
"ASV359",0,0,0,1,4,0.975665933583329,0.0062,"Day 01","Proteobacteria","Alphaproteobacteria","Rhodobacterales","Rhodobacteraceae","Unclassified"
"ASV640",0,0,0,1,4,0.861148367933374,0.0069,"Day 01","Proteobacteria","Alphaproteobacteria","Rhodobacterales","Rhodobacteraceae","Aestuariibius"
"ASV103",0,0,0,1,4,0.827381272587663,0.0084,"Day 01","Proteobacteria","Alphaproteobacteria","Rhodobacterales","Rhodobacteraceae","Unclassified"
"ASV122",1,0,0,0,1,0.968465785025596,0.01,"Day 01","Proteobacteria","Gammaproteobacteria","Enterobacterales","Alteromonadaceae","Salinimonas"
"ASV510",0,0,0,1,4,0.80421956843997,0.0128,"Day 01","Proteobacteria","Alphaproteobacteria","Rhodobacterales","Rhodobacteraceae","Unclassified"
"ASV1149",1,0,0,0,1,0.863443109146809,0.0141,"Day 01","Proteobacteria","Gammaproteobacteria","Enterobacterales","Shewanellaceae","Unclassified"
"ASV345",1,0,0,0,1,0.862621601831946,0.015,"Day 01","Proteobacteria","Gammaproteobacteria","Enterobacterales","Colwelliaceae","Colwellia"
"ASV43",1,0,0,0,1,0.693068698839892,0.0155,"Day 01","Proteobacteria","Gammaproteobacteria","Pseudomonadales","Thioglobaceae","SUP05 cluster"
"ASV421",1,0,0,0,1,0.961723921427136,0.016,"Day 01","Actinobacteriota","Actinobacteria","Micrococcales","Microbacteriaceae","Unclassified"
"ASV37",0,0,0,1,4,0.860205433364831,0.0167,"Day 01","Proteobacteria","Alphaproteobacteria","Rhodobacterales","Rhodobacteraceae","Celeribacter"
"ASV341",1,0,0,0,1,0.909363506104144,0.0173,"Day 01","Proteobacteria","Gammaproteobacteria","Enterobacterales","Shewanellaceae","Unclassified"
"ASV196",1,0,0,0,1,0.72623077645955,0.0201,"Day 01","Bacteroidota","Bacteroidia","Flavobacteriales","Flavobacteriaceae","Polaribacter"
"ASV305",1,0,0,0,1,0.878150230524942,0.0212,"Day 01","Proteobacteria","Gammaproteobacteria","Pseudomonadales","Halieaceae","Marimicrobium"
"ASV337",1,0,0,0,1,0.876864438821423,0.0232,"Day 01","Bdellovibrionota","Bdellovibrionia","Bdellovibrionales","Bdellovibrionaceae","OM27 clade"
"ASV268",1,0,0,0,1,0.781560883281463,0.0232,"Day 01","Proteobacteria","Gammaproteobacteria","Enterobacterales","Alteromonadaceae","Paraglaciecola"
"ASV328",0,1,0,0,2,0.885597681976988,0.0235,"Day 01","Proteobacteria","Gammaproteobacteria","Enterobacterales","Alteromonadaceae","Paraglaciecola"
"ASV2165",0,1,0,0,2,0.923291164507858,0.0236,"Day 01","Bacteroidota","Bacteroidia","Flavobacteriales","Cryomorphaceae","Luteibaculum"
"ASV146",0,1,0,0,2,0.956841420396189,0.0243,"Day 01","Proteobacteria","Gammaproteobacteria","Enterobacterales","Alteromonadaceae","Paraglaciecola"
"ASV98",0,0,0,1,4,0.792390518364284,0.0249,"Day 01","Proteobacteria","Alphaproteobacteria","Rhodobacterales","Rhodobacteraceae","Oceanibulbus"
"ASV100",1,0,0,0,1,0.820300714240552,0.0258,"Day 01","Proteobacteria","Gammaproteobacteria","Pseudomonadales","Alcanivoracaceae","Ketobacter"
"ASV22",0,0,0,1,4,0.911999421813684,0.0259,"Day 01","Proteobacteria","Alphaproteobacteria","Rhodobacterales","Rhodobacteraceae","Pseudooceanicola"
"ASV645",1,0,0,0,1,0.858997021052127,0.026,"Day 01","Proteobacteria","Gammaproteobacteria","Pseudomonadales","Pseudomonadaceae","Pseudomonas"
"ASV898",0,1,0,0,2,0.982196376680505,0.026,"Day 01","Proteobacteria","Gammaproteobacteria","Tenderiales","Tenderiaceae","Candidatus Tenderia"
"ASV41",1,0,0,0,1,0.828898662279428,0.0264,"Day 01","Bacteroidota","Bacteroidia","Flavobacteriales","Flavobacteriaceae","NS5 marine group"
"ASV64",0,1,0,0,2,0.774746636910854,0.0264,"Day 01","Proteobacteria","Gammaproteobacteria","Enterobacterales","Pseudoalteromonadaceae","Pseudoalteromonas"
"ASV275",0,1,0,0,2,0.953116215624856,0.0266,"Day 01","Proteobacteria","Gammaproteobacteria","Enterobacterales","Alteromonadaceae","Paraglaciecola"
"ASV393",1,0,0,0,1,0.887886923907273,0.0267,"Day 01","Bacteroidota","Bacteroidia","Flavobacteriales","Flavobacteriaceae","Lutimonas"
"ASV607",0,1,0,0,2,0.971366703053127,0.0268,"Day 01","Bacteroidota","Bacteroidia","Flavobacteriales","Flavobacteriaceae","Flavobacterium"
"ASV137",0,1,0,0,2,0.781121988676157,0.0268,"Day 01","Proteobacteria","Gammaproteobacteria","Enterobacterales","Pseudoalteromonadaceae","Pseudoalteromonas"
"ASV332",1,0,0,0,1,0.924043175726198,0.0279,"Day 01","Bacteroidota","Bacteroidia","Flavobacteriales","NS9 marine group","Unclassified"
"ASV138",1,0,0,0,1,0.840692227123091,0.0279,"Day 01","Bacteroidota","Bacteroidia","Flavobacteriales","Flavobacteriaceae","Unclassified"
"ASV336",1,0,0,0,1,0.8576190554368,0.0279,"Day 01","Bacteroidota","Bacteroidia","Chitinophagales","Saprospiraceae","Unclassified"
"ASV616",1,0,0,0,1,0.970491987885114,0.0279,"Day 01","Proteobacteria","Alphaproteobacteria","Caulobacterales","Hyphomonadaceae","Algimonas"
"ASV606",1,0,0,0,1,0.802209951801447,0.0287,"Day 01","Proteobacteria","Gammaproteobacteria","Enterobacterales","Colwelliaceae","Colwellia"
"ASV242",0,1,0,0,2,0.86483866188792,0.0302,"Day 01","Bacteroidota","Bacteroidia","Flavobacteriales","Flavobacteriaceae","Confluentibacter"
"ASV18",0,0,0,1,4,0.842195496922889,0.0302,"Day 01","Proteobacteria","Alphaproteobacteria","Rhodobacterales","Rhodobacteraceae","Celeribacter"
"ASV254",1,0,0,0,1,0.925942860883241,0.0308,"Day 01","Proteobacteria","Alphaproteobacteria","Caulobacterales","Hyphomonadaceae","Algimonas"
"ASV924",0,1,0,0,2,0.963490851013358,0.0326,"Day 01","Proteobacteria","Gammaproteobacteria","Pseudomonadales","Moraxellaceae","Psychrobacter"
"ASV30",1,0,0,0,1,0.926514816845304,0.0327,"Day 01","Proteobacteria","Gammaproteobacteria","Enterobacterales","Alteromonadaceae","Alteromonas"
"ASV838",0,1,0,0,2,0.870038381714608,0.0327,"Day 01","Proteobacteria","Gammaproteobacteria","Pseudomonadales","Spongiibacteraceae","Spongiibacter"
"ASV8",1,0,0,0,1,0.94493540920978,0.0331,"Day 01","Proteobacteria","Gammaproteobacteria","Enterobacterales","Alteromonadaceae","Alteromonas"
"ASV376",1,0,0,0,1,0.897670575493006,0.0332,"Day 01","Bacteroidota","Bacteroidia","Flavobacteriales","Flavobacteriaceae","Tenacibaculum"
"ASV16",1,0,0,0,1,0.937675403229771,0.0334,"Day 01","Proteobacteria","Gammaproteobacteria","Enterobacterales","Alteromonadaceae","Alteromonas"
"ASV709",0,0,0,1,4,0.928703421512352,0.0336,"Day 01","Proteobacteria","Gammaproteobacteria","Pseudomonadales","Alcanivoracaceae1","Alcanivorax"
"ASV1004",0,1,0,0,2,0.938652204581148,0.0338,"Day 01","Proteobacteria","Gammaproteobacteria","Enterobacterales","Shewanellaceae","Psychrobium"
"ASV166",0,1,0,0,2,0.839817221411638,0.0338,"Day 01","Bacteroidota","Bacteroidia","Flavobacteriales","Flavobacteriaceae","Olleya"
"ASV610",0,1,0,0,2,0.970725343394151,0.0338,"Day 01","Bacteroidota","Bacteroidia","Flavobacteriales","NS7 marine group","Unclassified"
"ASV291",0,1,0,0,2,0.965220928743086,0.0338,"Day 01","Bacteroidota","Bacteroidia","Flavobacteriales","Flavobacteriaceae","Unclassified"
"ASV915",0,1,0,0,2,0.771454276289177,0.0338,"Day 01","Bacteroidota","Bacteroidia","Chitinophagales","Saprospiraceae","Lewinella"
"ASV2490",0,1,0,0,2,0.991869783800371,0.0338,"Day 01","Bacteroidota","Rhodothermia","Rhodothermales","Rhodothermaceae","Rubrivirga"
"ASV828",0,1,0,0,2,0.969686334463029,0.0338,"Day 01","Proteobacteria","Gammaproteobacteria","Enterobacterales","Pseudoalteromonadaceae","Pseudoalteromonas"
"ASV491",0,1,0,0,2,0.841697576624542,0.0338,"Day 01","Actinobacteriota","Acidimicrobiia","Microtrichales","Microtrichaceae","Sva0996 marine group"
"ASV306",1,0,0,0,1,0.771684641379552,0.0339,"Day 01","Bacteroidota","Bacteroidia","Flavobacteriales","Flavobacteriaceae","Ulvibacter"
"ASV118",1,0,0,0,1,0.930074685386872,0.0347,"Day 01","Proteobacteria","Gammaproteobacteria","Enterobacterales","Alteromonadaceae","Alteromonas"
"ASV79",1,0,0,0,1,0.896188799249446,0.0347,"Day 01","Proteobacteria","Gammaproteobacteria","Enterobacterales","Alteromonadaceae","Alteromonas"
"ASV61",1,0,0,0,1,0.940766052239671,0.0348,"Day 01","Proteobacteria","Gammaproteobacteria","Enterobacterales","Alteromonadaceae","Unclassified"
"ASV71",1,0,0,0,1,0.906265356128167,0.035,"Day 01","Proteobacteria","Gammaproteobacteria","Enterobacterales","Alteromonadaceae","Alteromonas"
"ASV184",1,0,0,0,1,0.842288191163438,0.0352,"Day 01","Proteobacteria","Gammaproteobacteria","Enterobacterales","Pseudoalteromonadaceae","Psychrosphaera"
"ASV582",1,0,0,0,1,0.946414538180486,0.0353,"Day 01","Proteobacteria","Gammaproteobacteria","Enterobacterales","Alteromonadaceae","Unclassified"
"ASV244",1,0,0,0,1,0.968747218228419,0.0353,"Day 01","Proteobacteria","Gammaproteobacteria","Enterobacterales","Alteromonadaceae","Salinimonas"
"ASV1550",1,0,0,0,1,0.971700708440059,0.0353,"Day 01","Bacteroidota","Bacteroidia","Flavobacteriales","Flavobacteriaceae","Unclassified"
"ASV124",1,0,0,0,1,0.994535478220205,0.0353,"Day 01","Bacteroidota","Bacteroidia","Flavobacteriales","Flavobacteriaceae","Gramella"
"ASV959",1,0,0,0,1,0.915724294697821,0.0353,"Day 01","Bacteroidota","Bacteroidia","Flavobacteriales","Flavobacteriaceae","Tenacibaculum"
"ASV1973",1,0,0,0,1,0.866025403784439,0.0353,"Day 01","Bacteroidota","Bacteroidia","Chitinophagales","Saprospiraceae","Lewinella"
"ASV1007",1,0,0,0,1,0.933256525257383,0.0353,"Day 01","Campylobacterota","Campylobacteria","Campylobacterales","Sulfurovaceae","Sulfurovum"
"ASV651",1,0,0,0,1,0.805837379334082,0.0353,"Day 01","Proteobacteria","Gammaproteobacteria","Enterobacterales","Kangiellaceae","Unclassified"
"ASV985",1,0,0,0,1,0.931006807581148,0.0353,"Day 01","Proteobacteria","Gammaproteobacteria","Enterobacterales","Shewanellaceae","Shewanella"
"ASV1195",1,0,0,0,1,0.913923057046373,0.0353,"Day 01","Proteobacteria","Gammaproteobacteria","Enterobacterales","Vibrionaceae","Vibrio"
"ASV664",1,0,0,0,1,0.82869843543663,0.0353,"Day 01","Proteobacteria","Gammaproteobacteria","Enterobacterales","Vibrionaceae","Vibrio"
"ASV740",1,0,0,0,1,0.954264876488192,0.0353,"Day 01","Proteobacteria","Gammaproteobacteria","Enterobacterales","Colwelliaceae","Colwellia"
"ASV211",1,0,0,0,1,0.929326941526454,0.0353,"Day 01","Proteobacteria","Gammaproteobacteria","Enterobacterales","Alteromonadaceae","Alteromonas"
"ASV208",1,0,0,0,1,0.970725343394151,0.0353,"Day 01","Proteobacteria","Gammaproteobacteria","Pseudomonadales","Halieaceae","OM60(NOR5) clade"
"ASV642",1,0,0,0,1,0.999456226169689,0.0353,"Day 01","Proteobacteria","Gammaproteobacteria","Pseudomonadales","Halieaceae","Halioglobus"
"ASV370",1,0,0,0,1,0.986403660753246,0.0353,"Day 01","Proteobacteria","Alphaproteobacteria","Parvibaculales","Parvibaculaceae","Unclassified"
"ASV821",1,0,0,0,1,0.818066266067996,0.0357,"Day 01","Proteobacteria","Gammaproteobacteria","Enterobacterales","Colwelliaceae","Colwellia"
"ASV2",0,1,0,0,2,0.861545998467151,0.0359,"Day 01","Proteobacteria","Gammaproteobacteria","Enterobacterales","Alteromonadaceae","Alteromonas"
"ASV194",0,0,0,1,4,0.748184146072814,0.0364,"Day 01","Proteobacteria","Gammaproteobacteria","Pseudomonadales","Saccharospirillaceae","Oleibacter"
"ASV214",0,0,0,1,4,0.734257288751129,0.0368,"Day 01","Proteobacteria","Gammaproteobacteria","Pseudomonadales","Halieaceae","Halioglobus"
"ASV17",0,0,0,1,4,0.757190743371274,0.0376,"Day 01","Proteobacteria","Alphaproteobacteria","Rhodobacterales","Rhodobacteraceae","Unclassified"
"ASV55",0,0,0,1,4,0.785720032433494,0.0384,"Day 01","Proteobacteria","Alphaproteobacteria","Rhodobacterales","Rhodobacteraceae","Unclassified"
"ASV619",0,0,0,1,4,0.890311107150198,0.0388,"Day 01","Proteobacteria","Gammaproteobacteria","Arenicellales","Arenicellaceae","HTCC5015"
"ASV5",0,1,0,0,2,0.858179313884885,0.039,"Day 01","Proteobacteria","Gammaproteobacteria","Enterobacterales","Alteromonadaceae","Alteromonas"
"ASV270",1,0,0,0,1,0.773852269146612,0.0395,"Day 01","Proteobacteria","Gammaproteobacteria","Enterobacterales","Colwelliaceae","Colwellia"
"ASV833",0,1,0,0,2,0.869157347757311,0.0396,"Day 01","Bacteroidota","Bacteroidia","Flavobacteriales","Flavobacteriaceae","Confluentibacter"
"ASV24",1,0,0,0,1,0.726349349828093,0.0396,"Day 01","Proteobacteria","Alphaproteobacteria","Rhodobacterales","Rhodobacteraceae","Amylibacter"
"ASV743",1,0,0,0,1,0.750478774386456,0.0399,"Day 01","Bacteroidota","Bacteroidia","Flavobacteriales","Flavobacteriaceae","Actibacter"
"ASV919",1,0,0,0,1,0.904631133624476,0.0404,"Day 01","Bacteroidota","Bacteroidia","Flavobacteriales","Flavobacteriaceae","Dokdonia"
"ASV218",0,0,0,1,4,0.810028639280737,0.0405,"Day 01","Bacteroidota","Bacteroidia","Flavobacteriales","Flavobacteriaceae","Algibacter"
"ASV106",1,0,0,0,1,0.855926861212145,0.0407,"Day 01","Proteobacteria","Gammaproteobacteria","Pseudomonadales","Alcanivoracaceae","Ketobacter"
"ASV206",0,1,0,0,2,0.779145872417344,0.0411,"Day 01","Proteobacteria","Gammaproteobacteria","Pseudomonadales","Halieaceae","Halioglobus"
"ASV1085",0,0,0,1,4,0.753708155201534,0.042,"Day 01","Proteobacteria","Gammaproteobacteria","Pseudomonadales","Alcanivoracaceae1","Alcanivorax"
"ASV294",0,0,0,1,4,0.886437074811375,0.042,"Day 01","Proteobacteria","Alphaproteobacteria","Rhodobacterales","Rhodobacteraceae","Yoonia-Loktanella"
"ASV121",0,0,0,1,4,0.803400813604416,0.042,"Day 01","Proteobacteria","Alphaproteobacteria","Rhodobacterales","Rhodobacteraceae","Unclassified"
"ASV14",0,0,0,1,4,0.807089108972194,0.0421,"Day 01","Proteobacteria","Alphaproteobacteria","Rhodobacterales","Rhodobacteraceae","Phaeobacter"
"ASV364",0,0,0,1,4,0.865685311327098,0.0424,"Day 01","Proteobacteria","Alphaproteobacteria","Rhodobacterales","Rhodobacteraceae","Unclassified"
"ASV51",0,0,0,1,4,0.792967569436063,0.0428,"Day 01","Proteobacteria","Alphaproteobacteria","Rhodobacterales","Rhodobacteraceae","Sulfitobacter"
"ASV83",1,0,0,0,1,0.836851217138713,0.0437,"Day 01","Proteobacteria","Gammaproteobacteria","Pseudomonadales","Pseudohongiellaceae","Pseudohongiella"
"ASV120",1,0,0,0,1,0.79894427468837,0.044,"Day 01","Proteobacteria","Gammaproteobacteria","Pseudomonadales","Pseudomonadaceae","Pseudomonas"
"ASV343",1,0,0,0,1,0.834675065193022,0.0442,"Day 01","Bacteroidota","Bacteroidia","Flavobacteriales","Crocinitomicaceae","Fluviicola"
"ASV48",0,0,0,1,4,0.740325751482062,0.0448,"Day 01","Proteobacteria","Alphaproteobacteria","Rhodobacterales","Rhodobacteraceae","Oceanibulbus"
"ASV11",1,0,0,0,1,0.752258374209087,0.0455,"Day 01","Proteobacteria","Alphaproteobacteria","Rhodobacterales","Rhodobacteraceae","Amylibacter"
"ASV47",0,0,0,1,4,0.772358269352811,0.0468,"Day 01","Bacteroidota","Bacteroidia","Flavobacteriales","Flavobacteriaceae","Unclassified"
"ASV444",0,0,0,1,4,0.821840349878403,0.047,"Day 01","Proteobacteria","Gammaproteobacteria","Pseudomonadales","Halomonadaceae","Cobetia"
"ASV761",0,0,0,1,4,0.855593030095787,0.0474,"Day 01","Proteobacteria","Gammaproteobacteria","Gammaproteobacteria Incertae Sedis","Unknown Family","Marinicella"
"ASV89",0,0,0,1,4,0.766304476276912,0.0475,"Day 01","Bacteroidota","Bacteroidia","Flavobacteriales","Flavobacteriaceae","Unclassified"
"ASV1643",0,0,0,1,4,0.841372831824244,0.0491,"Day 01","Bacteroidota","Bacteroidia","Chitinophagales","Saprospiraceae","Unclassified"
"ASV950",1,0,0,0,1,0.847766267206962,0.0497,"Day 01","Proteobacteria","Gammaproteobacteria","Pseudomonadales","Porticoccaceae","SAR92 clade"
"ASV296",1,0,0,0,1,0.945098267725093,0.012,"Day 03","Campylobacterota","Campylobacteria","Campylobacterales","Arcobacteraceae","Pseudarcobacter"
"ASV493",1,0,0,0,1,0.95859086213293,0.0161,"Day 03","Bacteroidota","Bacteroidia","Flavobacteriales","Flavobacteriaceae","Polaribacter"
"ASV365",1,0,0,0,1,0.946018684166356,0.0211,"Day 03","Actinobacteriota","Acidimicrobiia","Microtrichales","Ilumatobacteraceae","Ilumatobacter"
"ASV500",0,1,0,0,2,0.972611454743836,0.0211,"Day 03","Verrucomicrobiota","Verrucomicrobiae","Pedosphaerales","Pedosphaeraceae","SCGC AAA164-E04"
"ASV308",1,0,0,0,1,0.906899357284022,0.0226,"Day 03","Bacteroidota","Bacteroidia","Flavobacteriales","Flavobacteriaceae","Polaribacter"
"ASV209",1,0,0,0,1,0.860563762235234,0.0226,"Day 03","Bacteroidota","Bacteroidia","Flavobacteriales","Flavobacteriaceae","Psychroserpens"
"ASV66",1,0,0,0,1,0.915645968127989,0.0243,"Day 03","Proteobacteria","Alphaproteobacteria","Puniceispirillales","SAR116 clade","Unclassified"
"ASV152",1,0,0,0,1,0.960880845844572,0.0249,"Day 03","Actinobacteriota","Acidimicrobiia","Microtrichales","Ilumatobacteraceae","Ilumatobacter"
"ASV1521",0,1,0,0,2,0.954532832707149,0.0273,"Day 03","Proteobacteria","Gammaproteobacteria","Enterobacterales","Kangiellaceae","Aliikangiella"
"ASV197",1,0,0,0,1,0.848974302702807,0.0313,"Day 03","Bacteroidota","Bacteroidia","Flavobacteriales","Flavobacteriaceae","Polaribacter"
"ASV520",0,1,0,0,2,0.882986237960565,0.0316,"Day 03","Actinobacteriota","Acidimicrobiia","Microtrichales","Microtrichaceae","Sva0996 marine group"
"ASV154",1,0,0,0,1,0.886961000890711,0.0339,"Day 03","Proteobacteria","Alphaproteobacteria","Puniceispirillales","SAR116 clade","Unclassified"
"ASV301",0,1,0,0,2,0.937453775998876,0.0354,"Day 03","Bacteroidota","Bacteroidia","Flavobacteriales","Flavobacteriaceae","Unclassified"
"ASV530",0,1,0,0,2,0.792405815693061,0.0354,"Day 03","Actinobacteriota","Acidimicrobiia","Microtrichales","Ilumatobacteraceae","Ilumatobacter"
"ASV567",0,1,0,0,2,0.999015263178192,0.0354,"Day 03","Proteobacteria","Alphaproteobacteria","Caulobacterales","Hyphomonadaceae","Maricaulis"
"ASV811",0,1,0,0,2,0.976959765524356,0.0354,"Day 03","Proteobacteria","Gammaproteobacteria","Steroidobacterales","Woeseiaceae","Woeseia"
"ASV1238",0,1,0,0,2,0.924473451641905,0.0354,"Day 03","Proteobacteria","Gammaproteobacteria","Pseudomonadales","Marinomonadaceae","Marinomonas"
"ASV740",0,1,0,0,2,0.993311259995034,0.0354,"Day 03","Proteobacteria","Gammaproteobacteria","Enterobacterales","Colwelliaceae","Colwellia"
"ASV1688",0,1,0,0,2,0.997805282228252,0.0354,"Day 03","Proteobacteria","Gammaproteobacteria","Francisellales","Francisellaceae","[Caedibacter] taeniospiralis group"
"ASV409",0,1,0,0,2,0.944124314651918,0.0354,"Day 03","Proteobacteria","Alphaproteobacteria","Caulobacterales","Hyphomonadaceae","Ponticaulis"
"ASV1075",1,0,0,0,1,0.996307770586165,0.0367,"Day 03","Bacteroidota","Bacteroidia","Flavobacteriales","Cryomorphaceae","Vicingus"
"ASV713",1,0,0,0,1,0.810884854079383,0.0367,"Day 03","Bacteroidota","Bacteroidia","Chitinophagales","Saprospiraceae","Unclassified"
"ASV62",1,0,0,0,1,0.805675370598764,0.0371,"Day 03","Proteobacteria","Gammaproteobacteria","Pseudomonadales","SAR86 clade","Unclassified"
"ASV785",0,1,0,0,2,0.829368893735462,0.0436,"Day 03","Nitrospirota","Nitrospiria","Nitrospirales","Nitrospiraceae","Nitrospira"
"ASV144",1,0,0,0,1,0.851858814384195,0.045,"Day 03","Campylobacterota","Campylobacteria","Campylobacterales","Arcobacteraceae","Pseudarcobacter"
"ASV28",1,0,0,0,1,0.769513967383576,0.0481,"Day 03","Cyanobacteria","Cyanobacteriia","Synechococcales","Cyanobiaceae","Synechococcus CC9902"
"ASV250",0,1,0,0,2,0.915365708472381,0.0076,"Day 06","Proteobacteria","Gammaproteobacteria","Enterobacterales","Psychromonadaceae","Psychromonas"
"ASV251",0,1,0,0,2,0.907559107282862,0.0095,"Day 06","Bacteroidota","Bacteroidia","Cytophagales","Cyclobacteriaceae","Unclassified"
"ASV94",0,1,0,0,2,0.891786813036936,0.013,"Day 06","Bacteroidota","Bacteroidia","Flavobacteriales","Cryomorphaceae","Unclassified"
"ASV785",0,1,0,0,2,0.851458617037944,0.0132,"Day 06","Nitrospirota","Nitrospiria","Nitrospirales","Nitrospiraceae","Nitrospira"
"ASV24",0,1,0,0,2,0.818191763398141,0.0167,"Day 06","Proteobacteria","Alphaproteobacteria","Rhodobacterales","Rhodobacteraceae","Amylibacter"
"ASV11",0,1,0,0,2,0.820764954560996,0.0168,"Day 06","Proteobacteria","Alphaproteobacteria","Rhodobacterales","Rhodobacteraceae","Amylibacter"
"ASV1998",1,0,0,0,1,0.960026801958455,0.0174,"Day 06","Bacteroidota","Bacteroidia","Flavobacteriales","Cryomorphaceae","Unclassified"
"ASV73",0,1,0,0,2,0.841038567377868,0.0184,"Day 06","Proteobacteria","Alphaproteobacteria","Rhodobacterales","Rhodobacteraceae","Sulfitobacter"
"ASV1421",1,0,0,0,1,0.911706234177306,0.0223,"Day 06","Bacteroidota","Bacteroidia","Cytophagales","Cyclobacteriaceae","Unclassified"
"ASV78",0,1,0,0,2,0.717635618035068,0.0232,"Day 06","Proteobacteria","Gammaproteobacteria","Enterobacterales","Vibrionaceae","Aliivibrio"
"ASV302",1,0,0,0,1,0.78120443558743,0.0255,"Day 06","Bacteroidota","Bacteroidia","Flavobacteriales","Flavobacteriaceae","Unclassified"
"ASV191",0,1,0,0,2,0.869687145557829,0.026,"Day 06","Proteobacteria","Alphaproteobacteria","Rhodobacterales","Rhodobacteraceae","Sulfitobacter"
"ASV1286",0,1,0,0,2,0.908292406196381,0.0273,"Day 06","Planctomycetota","Planctomycetes","Planctomycetales","Rubinisphaeraceae","Fuerstia"
"ASV864",1,0,0,0,1,0.943741237409464,0.0297,"Day 06","Desulfobacterota","Desulfobulbia","Desulfobulbales","Desulfocapsaceae","Unclassified"
"ASV214",1,0,0,0,1,0.912124791456114,0.03,"Day 06","Proteobacteria","Gammaproteobacteria","Pseudomonadales","Halieaceae","Halioglobus"
"ASV369",0,1,0,0,2,0.893440872650269,0.0301,"Day 06","Proteobacteria","Alphaproteobacteria","Rhizobiales","Stappiaceae","Labrenzia"
"ASV114",0,1,0,0,2,0.885396111523772,0.0322,"Day 06","Bacteroidota","Bacteroidia","Chitinophagales","Saprospiraceae","Unclassified"
"ASV417",1,0,0,0,1,0.862466607073196,0.0326,"Day 06","Bacteroidota","Bacteroidia","Flavobacteriales","Flavobacteriaceae","NS4 marine group"
"ASV974",1,0,0,0,1,0.945086996308667,0.0334,"Day 06","Proteobacteria","Gammaproteobacteria","Chromatiales","Sedimenticolaceae","Sedimenticola"
"ASV345",0,1,0,0,2,0.999794871792714,0.0355,"Day 06","Proteobacteria","Gammaproteobacteria","Enterobacterales","Colwelliaceae","Colwellia"
"ASV1360",0,1,0,0,2,0.877338483425259,0.0355,"Day 06","Proteobacteria","Alphaproteobacteria","Micavibrionales","Micavibrionaceae","Unclassified"
"ASV449",0,1,0,0,2,0.916750149572281,0.0355,"Day 06","Nitrospinota","Nitrospinia","Nitrospinales","Nitrospinaceae","LS-NOB"
"ASV565",1,0,0,0,1,0.938383363850938,0.0356,"Day 06","Proteobacteria","Alphaproteobacteria","Rhodobacterales","Rhodobacteraceae","Unclassified"
"ASV45",0,1,0,0,2,0.813545231109846,0.0358,"Day 06","Proteobacteria","Alphaproteobacteria","Rhodobacterales","Rhodobacteraceae","Planktomarina"
"ASV194",0,1,0,0,2,0.915194515584463,0.0359,"Day 06","Proteobacteria","Gammaproteobacteria","Pseudomonadales","Saccharospirillaceae","Oleibacter"
"ASV327",1,0,0,0,1,0.943677999541804,0.036,"Day 06","Bacteroidota","Bacteroidia","Chitinophagales","Saprospiraceae","Lewinella"
"ASV112",1,0,0,0,1,0.748279602294513,0.0379,"Day 06","Proteobacteria","Alphaproteobacteria","Caulobacterales","Hyphomonadaceae","Henriciella"
"ASV889",1,0,0,0,1,1,0.038,"Day 06","Bacteroidota","Bacteroidia","Flavobacteriales","Flavobacteriaceae","Siansivirga"
"ASV1054",1,0,0,0,1,0.91599248620581,0.038,"Day 06","Verrucomicrobiota","Verrucomicrobiae","Verrucomicrobiales","DEV007","Unclassified"
"ASV1165",1,0,0,0,1,0.98923417225533,0.038,"Day 06","Proteobacteria","Gammaproteobacteria","Pseudomonadales","Spongiibacteraceae","BD1-7 clade"
"ASV137",1,0,0,0,1,0.958245721223694,0.038,"Day 06","Proteobacteria","Gammaproteobacteria","Enterobacterales","Pseudoalteromonadaceae","Pseudoalteromonas"
"ASV571",1,0,0,0,1,0.966282390121316,0.038,"Day 06","Proteobacteria","Gammaproteobacteria","Enterobacterales","Vibrionaceae","Vibrio"
"ASV77",1,0,0,0,1,0.762858988944587,0.0387,"Day 06","Bacteroidota","Bacteroidia","Flavobacteriales","Flavobacteriaceae","Kordia"
"ASV40",0,1,0,0,2,0.761554184258669,0.041,"Day 06","Proteobacteria","Alphaproteobacteria","Rhodobacterales","Rhodobacteraceae","Unclassified"
"ASV321",0,1,0,0,2,0.85257013955445,0.042,"Day 06","Proteobacteria","Alphaproteobacteria","Parvibaculales","OCS116 clade","Unclassified"
"ASV30",1,0,0,0,1,0.847581638922614,0.0439,"Day 06","Proteobacteria","Gammaproteobacteria","Enterobacterales","Alteromonadaceae","Alteromonas"
"ASV16",1,0,0,0,1,0.878951156079729,0.045,"Day 06","Proteobacteria","Gammaproteobacteria","Enterobacterales","Alteromonadaceae","Alteromonas"
"ASV90",1,0,0,0,1,0.874400995215358,0.047,"Day 06","Proteobacteria","Alphaproteobacteria","Rhizobiales","Rhizobiaceae","Lentilitoribacter"
"ASV20",0,1,0,0,2,0.751184567000435,0.0491,"Day 06","Proteobacteria","Alphaproteobacteria","Rhodobacterales","Rhodobacteraceae","Planktomarina"
"ASV208",1,0,0,0,1,0.782353128519348,0.0033,"Day 15","Proteobacteria","Gammaproteobacteria","Pseudomonadales","Halieaceae","OM60(NOR5) clade"
"ASV105",0,1,0,0,2,0.809375221613089,0.0037,"Day 15","Firmicutes","Bacilli","Mycoplasmatales","Mycoplasmataceae","Mycoplasma"
"ASV524",1,0,0,0,1,0.822588006543715,0.0054,"Day 15","Bacteroidota","Bacteroidia","Cytophagales","Cyclobacteriaceae","Unclassified"
"ASV163",0,1,0,0,2,0.810490088879118,0.0078,"Day 15","Planctomycetota","Planctomycetes","Pirellulales","Pirellulaceae","Blastopirellula"
"ASV56",0,0,0,1,4,0.765087928652688,0.0081,"Day 15","Proteobacteria","Alphaproteobacteria","Rhodobacterales","Rhodobacteraceae","Unclassified"
"ASV51",0,0,0,1,4,0.818311787863379,0.0106,"Day 15","Proteobacteria","Alphaproteobacteria","Rhodobacterales","Rhodobacteraceae","Sulfitobacter"
"ASV50",0,0,0,1,4,0.828188581723531,0.0143,"Day 15","Bacteroidota","Bacteroidia","Flavobacteriales","Crocinitomicaceae","Salinirepens"
"ASV342",1,0,0,0,1,0.854907277001635,0.0146,"Day 15","Planctomycetota","Phycisphaerae","Phycisphaerales","Phycisphaeraceae","SM1A02"
"ASV160",0,1,0,0,2,0.819122695335986,0.0149,"Day 15","Proteobacteria","Gammaproteobacteria","Enterobacterales","Colwelliaceae","Thalassotalea"
"ASV73",1,0,0,0,1,0.86324149852521,0.0149,"Day 15","Proteobacteria","Alphaproteobacteria","Rhodobacterales","Rhodobacteraceae","Sulfitobacter"
"ASV139",1,0,0,0,1,0.831289498860559,0.0152,"Day 15","Bacteroidota","Bacteroidia","Flavobacteriales","Flavobacteriaceae","NS4 marine group"
"ASV20",1,0,0,0,1,0.819929759541128,0.0155,"Day 15","Proteobacteria","Alphaproteobacteria","Rhodobacterales","Rhodobacteraceae","Planktomarina"
"ASV169",1,0,0,0,1,0.890247929549618,0.0156,"Day 15","Bacteroidota","Bacteroidia","Chitinophagales","Saprospiraceae","Aureispira"
"ASV85",1,0,0,0,1,0.658310444630369,0.0169,"Day 15","Bacteroidota","Bacteroidia","Flavobacteriales","Flavobacteriaceae","Unclassified"
"ASV666",1,0,0,0,1,0.965347109563276,0.0187,"Day 15","Proteobacteria","Gammaproteobacteria","Pseudomonadales","Alcanivoracaceae1","Alcanivorax"
"ASV87",1,0,0,0,1,0.940161110707221,0.0187,"Day 15","Proteobacteria","Gammaproteobacteria","Pseudomonadales","Nitrincolaceae","Unclassified"
"ASV222",1,0,0,0,1,0.916587928576931,0.0187,"Day 15","Bacteroidota","Bacteroidia","Chitinophagales","Saprospiraceae","Aureispira"
"ASV306",1,0,0,0,1,0.848293185699175,0.0187,"Day 15","Bacteroidota","Bacteroidia","Flavobacteriales","Flavobacteriaceae","Ulvibacter"
"ASV197",1,0,0,0,1,0.866169193120644,0.0187,"Day 15","Bacteroidota","Bacteroidia","Flavobacteriales","Flavobacteriaceae","Polaribacter"
"ASV376",1,0,0,0,1,0.877237984019974,0.0187,"Day 15","Bacteroidota","Bacteroidia","Flavobacteriales","Flavobacteriaceae","Tenacibaculum"
"ASV626",1,0,0,0,1,0.798993971064394,0.0187,"Day 15","Bacteroidota","Bacteroidia","Flavobacteriales","Cryomorphaceae","Unclassified"
"ASV1566",1,0,0,0,1,0.969861226038888,0.0187,"Day 15","Bacteroidota","Bacteroidia","Chitinophagales","Saprospiraceae","Unclassified"
"ASV594",1,0,0,0,1,0.921269987732437,0.0187,"Day 15","Bacteroidota","Bacteroidia","Chitinophagales","Saprospiraceae","Unclassified"
"ASV347",1,0,0,0,1,0.812592137259747,0.0187,"Day 15","Bacteroidota","Bacteroidia","Chitinophagales","Saprospiraceae","Lewinella"
"ASV264",1,0,0,0,1,0.772113817512006,0.0187,"Day 15","Bacteroidota","Bacteroidia","Chitinophagales","Saprospiraceae","Unclassified"
"ASV1858",1,0,0,0,1,0.777630679342517,0.0187,"Day 15","Bacteroidota","Rhodothermia","Rhodothermales","Rhodothermaceae","Unclassified"
"ASV550",1,0,0,0,1,0.771326603966583,0.0187,"Day 15","Proteobacteria","Gammaproteobacteria","Pseudomonadales","Halomonadaceae","Cobetia"
"ASV177",1,0,0,0,1,0.817882289305726,0.0187,"Day 15","Proteobacteria","Gammaproteobacteria","Pseudomonadales","Thioglobaceae","SUP05 cluster"
"ASV425",1,0,0,0,1,0.970988787047023,0.0187,"Day 15","Proteobacteria","Gammaproteobacteria","Pseudomonadales","OM182 clade","Unclassified"
"ASV64",1,0,0,0,1,0.840557080911288,0.0187,"Day 15","Proteobacteria","Gammaproteobacteria","Enterobacterales","Pseudoalteromonadaceae","Pseudoalteromonas"
"ASV195",1,0,0,0,1,0.977496215720498,0.0187,"Day 15","Proteobacteria","Gammaproteobacteria","Pseudomonadales","SAR86 clade","Unclassified"
"ASV62",1,0,0,0,1,0.861012947883524,0.0187,"Day 15","Proteobacteria","Gammaproteobacteria","Pseudomonadales","SAR86 clade","Unclassified"
"ASV46",1,0,0,0,1,0.905042259668177,0.0187,"Day 15","Proteobacteria","Alphaproteobacteria","Parvibaculales","PS1 clade","Unclassified"
"ASV2359",1,0,0,0,1,0.84406106181688,0.0187,"Day 15","Proteobacteria","Gammaproteobacteria","Pseudomonadales","KI89A clade","Unclassified"
"ASV35",1,0,0,0,1,0.85288629165458,0.0187,"Day 15","Proteobacteria","Gammaproteobacteria","Pseudomonadales","Halieaceae","OM60(NOR5) clade"
"ASV45",1,0,0,0,1,0.77605517442162,0.0232,"Day 15","Proteobacteria","Alphaproteobacteria","Rhodobacterales","Rhodobacteraceae","Planktomarina"
"ASV77",1,0,0,0,1,0.765129559857066,0.0264,"Day 15","Bacteroidota","Bacteroidia","Flavobacteriales","Flavobacteriaceae","Kordia"
"ASV11",1,0,0,0,1,0.681064114051753,0.0267,"Day 15","Proteobacteria","Alphaproteobacteria","Rhodobacterales","Rhodobacteraceae","Amylibacter"
"ASV17",0,0,0,1,4,0.845940039567096,0.0277,"Day 15","Proteobacteria","Alphaproteobacteria","Rhodobacterales","Rhodobacteraceae","Unclassified"
"ASV27",0,0,0,1,4,0.797530722658106,0.0324,"Day 15","Bacteroidota","Bacteroidia","Flavobacteriales","Crocinitomicaceae","Salinirepens"
"ASV203",1,0,0,0,1,0.82109204728712,0.0339,"Day 15","Proteobacteria","Gammaproteobacteria","Pseudomonadales","Pseudohongiellaceae","Pseudohongiella"
"ASV266",1,0,0,0,1,0.760768889645511,0.0339,"Day 15","Bacteroidota","Bacteroidia","Chitinophagales","Saprospiraceae","Aureispira"
"ASV107",1,0,0,0,1,0.79983973957834,0.0339,"Day 15","Proteobacteria","Gammaproteobacteria","Pseudomonadales","Halieaceae","Luminiphilus"
"ASV265",1,0,0,0,1,0.647947842297958,0.0346,"Day 15","Proteobacteria","Gammaproteobacteria","Pseudomonadales","Halomonadaceae","Cobetia"
"ASV43",1,0,0,0,1,0.754445007122058,0.0366,"Day 15","Proteobacteria","Gammaproteobacteria","Pseudomonadales","Thioglobaceae","SUP05 cluster"
"ASV24",1,0,0,0,1,0.685148341614074,0.0366,"Day 15","Proteobacteria","Alphaproteobacteria","Rhodobacterales","Rhodobacteraceae","Amylibacter"
"ASV66",1,0,0,0,1,0.79791667163361,0.0366,"Day 15","Proteobacteria","Alphaproteobacteria","Puniceispirillales","SAR116 clade","Unclassified"
"ASV420",0,0,0,1,4,0.839960165722215,0.0367,"Day 15","Proteobacteria","Gammaproteobacteria","Pseudomonadales","Cellvibrionaceae","Halioxenophilus"
"ASV605",1,0,0,0,1,0.789990102665548,0.037,"Day 15","Bacteroidota","Bacteroidia","Flavobacteriales","Flavobacteriaceae","Formosa"
"ASV108",1,0,0,0,1,0.689021456677048,0.037,"Day 15","Proteobacteria","Gammaproteobacteria","Pseudomonadales","SAR86 clade","Unclassified"
"ASV36",1,0,0,0,1,0.715869326507416,0.037,"Day 15","Proteobacteria","Alphaproteobacteria","Rhodobacterales","Rhodobacteraceae","Unclassified"
"ASV206",1,0,0,0,1,0.805886697169904,0.037,"Day 15","Proteobacteria","Gammaproteobacteria","Pseudomonadales","Halieaceae","Halioglobus"
"ASV549",1,0,0,0,1,0.747340600868162,0.0375,"Day 15","Bacteroidota","Bacteroidia","Flavobacteriales","Cryomorphaceae","Unclassified"
"ASV18",1,0,0,0,1,0.77159912583527,0.0375,"Day 15","Proteobacteria","Alphaproteobacteria","Rhodobacterales","Rhodobacteraceae","Celeribacter"
"ASV215",1,0,0,0,1,0.772299677456454,0.0381,"Day 15","Proteobacteria","Gammaproteobacteria","Pseudomonadales","Oleiphilaceae","Oleiphilus"
"ASV128",1,0,0,0,1,0.777746359476749,0.0381,"Day 15","Proteobacteria","Gammaproteobacteria","Pseudomonadales","SAR86 clade","Unclassified"
"ASV1538",1,0,0,0,1,0.749755978519651,0.0382,"Day 15","Campylobacterota","Campylobacteria","Campylobacterales","Arcobacteraceae","Halarcobacter"
"ASV205",1,0,0,0,1,0.799686458933675,0.0397,"Day 15","Bacteroidota","Bacteroidia","Flavobacteriales","Flavobacteriaceae","NS5 marine group"
"ASV76",1,0,0,0,1,0.675972259613966,0.0404,"Day 15","Proteobacteria","Alphaproteobacteria","Kiloniellales","Kiloniellaceae","Unclassified"
