"ASV","s.Antibiotics","s.Antibiotics + HT","s.Control","s.High temperature","index","stat","p.value","Phylum","Class","Order","Family","Genus","Treatment"
"ASV1165",1,0,0,0,1,0.580763059848677,4e-04,"Proteobacteria","Gammaproteobacteria","Pseudomonadales","Spongiibacteraceae","BD1-7 clade","Antibiotics"
"ASV664",1,0,0,0,1,0.600495172309061,4e-04,"Proteobacteria","Gammaproteobacteria","Enterobacterales","Vibrionaceae","Vibrio","Antibiotics"
"ASV1195",1,0,0,0,1,0.562991805979591,8e-04,"Proteobacteria","Gammaproteobacteria","Enterobacterales","Vibrionaceae","Vibrio","Antibiotics"
"ASV1566",1,0,0,0,1,0.523763672112024,0.0012,"Bacteroidota","Bacteroidia","Chitinophagales","Saprospiraceae","Unclassified","Antibiotics"
"ASV884",0,1,0,0,2,0.554862315248176,0.0013,"Myxococcota","Polyangia","Polyangiales","Sandaracinaceae","Unclassified","Antibiotics + HT"
"ASV163",0,1,0,0,2,0.42115168523382,0.0016,"Planctomycetota","Planctomycetes","Pirellulales","Pirellulaceae","Blastopirellula","Antibiotics + HT"
"ASV209",1,0,0,0,1,0.524508858045769,0.0017,"Bacteroidota","Bacteroidia","Flavobacteriales","Flavobacteriaceae","Psychroserpens","Antibiotics"
"ASV1998",1,0,0,0,1,0.550639798089091,0.0017,"Bacteroidota","Bacteroidia","Flavobacteriales","Cryomorphaceae","Unclassified","Antibiotics"
"ASV1538",1,0,0,0,1,0.508147481743671,0.0025,"Campylobacterota","Campylobacteria","Campylobacterales","Arcobacteraceae","Halarcobacter","Antibiotics"
"ASV376",1,0,0,0,1,0.462970058695886,0.0032,"Bacteroidota","Bacteroidia","Flavobacteriales","Flavobacteriaceae","Tenacibaculum","Antibiotics"
"ASV77",1,0,0,0,1,0.513797592336932,0.0036,"Bacteroidota","Bacteroidia","Flavobacteriales","Flavobacteriaceae","Kordia","Antibiotics"
"ASV48",0,0,0,1,4,0.491421393179903,0.0036,"Proteobacteria","Alphaproteobacteria","Rhodobacterales","Rhodobacteraceae","Oceanibulbus","High temperature"
"ASV456",0,1,0,0,2,0.502578441538428,0.0041,"Bacteroidota","Bacteroidia","Chitinophagales","Saprospiraceae","Lewinella","Antibiotics + HT"
"ASV1688",0,1,0,0,2,0.501078374158604,0.0041,"Proteobacteria","Gammaproteobacteria","Francisellales","Francisellaceae","[Caedibacter] taeniospiralis group","Antibiotics + HT"
"ASV567",0,1,0,0,2,0.407655869594131,0.0043,"Proteobacteria","Alphaproteobacteria","Caulobacterales","Hyphomonadaceae","Maricaulis","Antibiotics + HT"
"ASV1054",1,0,0,0,1,0.494885505311873,0.0045,"Verrucomicrobiota","Verrucomicrobiae","Verrucomicrobiales","DEV007","Unclassified","Antibiotics"
"ASV98",0,0,0,1,4,0.48902954395292,0.0046,"Proteobacteria","Alphaproteobacteria","Rhodobacterales","Rhodobacteraceae","Oceanibulbus","High temperature"
"ASV668",1,0,0,0,1,0.500569750081573,0.0048,"Bacteroidota","Bacteroidia","Chitinophagales","Saprospiraceae","Lewinella","Antibiotics"
"ASV382",0,1,0,0,2,0.406955976026752,0.0048,"Planctomycetota","Planctomycetes","Pirellulales","Pirellulaceae","Blastopirellula","Antibiotics + HT"
"ASV962",1,0,0,0,1,0.456418994575203,0.005,"Bacteroidota","Bacteroidia","Flavobacteriales","Cryomorphaceae","Vicingus","Antibiotics"
"ASV643",0,1,0,0,2,0.489326673940758,0.005,"Chloroflexi","Anaerolineae","Ardenticatenales","Ardenticatenaceae","Unclassified","Antibiotics + HT"
"ASV959",1,0,0,0,1,0.431416408843949,0.0054,"Bacteroidota","Bacteroidia","Flavobacteriales","Flavobacteriaceae","Tenacibaculum","Antibiotics"
"ASV1075",1,0,0,0,1,0.485612728848757,0.0056,"Bacteroidota","Bacteroidia","Flavobacteriales","Cryomorphaceae","Vicingus","Antibiotics"
"ASV327",1,0,0,0,1,0.49202914133216,0.0057,"Bacteroidota","Bacteroidia","Chitinophagales","Saprospiraceae","Lewinella","Antibiotics"
"ASV139",1,0,0,0,1,0.482127251212502,0.006,"Bacteroidota","Bacteroidia","Flavobacteriales","Flavobacteriaceae","NS4 marine group","Antibiotics"
"ASV197",1,0,0,0,1,0.473480042717763,0.0072,"Bacteroidota","Bacteroidia","Flavobacteriales","Flavobacteriaceae","Polaribacter","Antibiotics"
"ASV864",1,0,0,0,1,0.47115950293586,0.0076,"Desulfobacterota","Desulfobulbia","Desulfobulbales","Desulfocapsaceae","Unclassified","Antibiotics"
"ASV924",0,1,0,0,2,0.465524973413825,0.0079,"Proteobacteria","Gammaproteobacteria","Pseudomonadales","Moraxellaceae","Psychrobacter","Antibiotics + HT"
"ASV616",1,0,0,0,1,0.480435981254954,0.0079,"Proteobacteria","Alphaproteobacteria","Caulobacterales","Hyphomonadaceae","Algimonas","Antibiotics"
"ASV158",1,0,0,0,1,0.458901544387596,0.0084,"Bacteroidota","Bacteroidia","Flavobacteriales","Flavobacteriaceae","NS3a marine group","Antibiotics"
"ASV1858",1,0,0,0,1,0.421831169894507,0.0084,"Bacteroidota","Rhodothermia","Rhodothermales","Rhodothermaceae","Unclassified","Antibiotics"
"ASV425",1,0,0,0,1,0.473773390869105,0.0097,"Proteobacteria","Gammaproteobacteria","Pseudomonadales","OM182 clade","Unclassified","Antibiotics"
"ASV62",1,0,0,0,1,0.456542769827668,0.0104,"Proteobacteria","Gammaproteobacteria","Pseudomonadales","SAR86 clade","Unclassified","Antibiotics"
"ASV500",0,1,0,0,2,0.466728334689665,0.0111,"Verrucomicrobiota","Verrucomicrobiae","Pedosphaerales","Pedosphaeraceae","SCGC AAA164-E04","Antibiotics + HT"
"ASV743",1,0,0,0,1,0.450465610611673,0.0116,"Bacteroidota","Bacteroidia","Flavobacteriales","Flavobacteriaceae","Actibacter","Antibiotics"
"ASV17",0,0,0,1,4,0.45463098118335,0.012,"Proteobacteria","Alphaproteobacteria","Rhodobacterales","Rhodobacteraceae","Unclassified","High temperature"
"ASV83",1,0,0,0,1,0.430541627491634,0.0149,"Proteobacteria","Gammaproteobacteria","Pseudomonadales","Pseudohongiellaceae","Pseudohongiella","Antibiotics"
"ASV1643",0,0,0,1,4,0.458804360200194,0.0155,"Bacteroidota","Bacteroidia","Chitinophagales","Saprospiraceae","Unclassified","High temperature"
"ASV373",1,0,0,0,1,0.441095054714584,0.0158,"Proteobacteria","Gammaproteobacteria","Enterobacterales","Vibrionaceae","Vibrio","Antibiotics"
"ASV785",0,1,0,0,2,0.445748853961044,0.016,"Nitrospirota","Nitrospiria","Nitrospirales","Nitrospiraceae","Nitrospira","Antibiotics + HT"
"ASV715",1,0,0,0,1,0.446749659979751,0.0163,"Proteobacteria","Gammaproteobacteria","Pseudomonadales","Nitrincolaceae","Amphritea","Antibiotics"
"ASV406",0,0,0,1,4,0.439722381958448,0.0165,"Bacteroidota","Bacteroidia","Cytophagales","Cyclobacteriaceae","Fabibacter","High temperature"
"ASV524",1,0,0,0,1,0.436958743183469,0.017,"Bacteroidota","Bacteroidia","Cytophagales","Cyclobacteriaceae","Unclassified","Antibiotics"
"ASV594",1,0,0,0,1,0.450040650794072,0.0173,"Bacteroidota","Bacteroidia","Chitinophagales","Saprospiraceae","Unclassified","Antibiotics"
"ASV287",0,1,0,0,2,0.436390655295544,0.0173,"Proteobacteria","Alphaproteobacteria","Caulobacterales","Caulobacteraceae","Unclassified","Antibiotics + HT"
"ASV169",1,0,0,0,1,0.442544153094919,0.0187,"Bacteroidota","Bacteroidia","Chitinophagales","Saprospiraceae","Aureispira","Antibiotics"
"ASV1397",1,0,0,0,1,0.448702893232308,0.0193,"Proteobacteria","Gammaproteobacteria","Enterobacterales","Psychromonadaceae","Psychromonas","Antibiotics"
"ASV2200",0,1,0,0,2,0.424980570913328,0.0205,"Bacteroidota","Bacteroidia","Cytophagales","Cyclobacteriaceae","Unclassified","Antibiotics + HT"
"ASV782",0,1,0,0,2,0.432991622130456,0.0209,"Proteobacteria","Alphaproteobacteria","Rickettsiales","Rickettsiaceae","Candidatus Megaira","Antibiotics + HT"
"ASV642",1,0,0,0,1,0.444678538391457,0.0209,"Proteobacteria","Gammaproteobacteria","Pseudomonadales","Halieaceae","Halioglobus","Antibiotics"
"ASV35",1,0,0,0,1,0.419373716847567,0.0232,"Proteobacteria","Gammaproteobacteria","Pseudomonadales","Halieaceae","OM60(NOR5) clade","Antibiotics"
"ASV413",1,0,0,0,1,0.410778327467159,0.0234,"Proteobacteria","Gammaproteobacteria","Pseudomonadales","Halieaceae","Halioglobus","Antibiotics"
"ASV1085",0,0,0,1,4,0.383389396659168,0.0246,"Proteobacteria","Gammaproteobacteria","Pseudomonadales","Alcanivoracaceae1","Alcanivorax","High temperature"
"ASV244",1,0,0,0,1,0.422227303643885,0.0247,"Proteobacteria","Gammaproteobacteria","Enterobacterales","Alteromonadaceae","Salinimonas","Antibiotics"
"ASV1554",0,1,0,0,2,0.411091845668702,0.0252,"Bacteroidota","Bacteroidia","Chitinophagales","Saprospiraceae","Unclassified","Antibiotics + HT"
"ASV1016",1,0,0,0,1,0.432375548277919,0.0253,"Bdellovibrionota","Bdellovibrionia","Bdellovibrionales","Bdellovibrionaceae","OM27 clade","Antibiotics"
"ASV1110",1,0,0,0,1,0.420379092207887,0.0258,"Bacteroidota","Bacteroidia","Chitinophagales","Saprospiraceae","Portibacter","Antibiotics"
"ASV93",1,0,0,0,1,0.41260645051269,0.0266,"Bacteroidota","Bacteroidia","Flavobacteriales","Flavobacteriaceae","Formosa","Antibiotics"
"ASV1149",1,0,0,0,1,0.37836007068447,0.0271,"Proteobacteria","Gammaproteobacteria","Enterobacterales","Shewanellaceae","Unclassified","Antibiotics"
"ASV917",1,0,0,0,1,0.407416798813903,0.0276,"Proteobacteria","Gammaproteobacteria","Pseudomonadales","Cellvibrionaceae","Unclassified","Antibiotics"
"ASV273",1,0,0,0,1,0.415984608204972,0.0292,"Bacteroidota","Bacteroidia","Flavobacteriales","Flavobacteriaceae","Unclassified","Antibiotics"
"ASV184",1,0,0,0,1,0.387520815781766,0.0296,"Proteobacteria","Gammaproteobacteria","Enterobacterales","Pseudoalteromonadaceae","Psychrosphaera","Antibiotics"
"ASV606",1,0,0,0,1,0.372398006971391,0.0297,"Proteobacteria","Gammaproteobacteria","Enterobacterales","Colwelliaceae","Colwellia","Antibiotics"
"ASV506",1,0,0,0,1,0.403580748804568,0.0297,"Proteobacteria","Gammaproteobacteria","Enterobacterales","Alteromonadaceae","Glaciecola","Antibiotics"
"ASV886",1,0,0,0,1,0.400706462528412,0.0317,"Proteobacteria","Alphaproteobacteria","Rhizobiales","Rhizobiaceae","Mesorhizobium","Antibiotics"
"ASV2283",1,0,0,0,1,0.407012581008124,0.0327,"Proteobacteria","Gammaproteobacteria","Enterobacterales","Kangiellaceae","Aliikangiella","Antibiotics"
"ASV1171",0,1,0,0,2,0.376596978307073,0.0338,"Acidobacteriota","Thermoanaerobaculia","Thermoanaerobaculales","Thermoanaerobaculaceae","Subgroup 10","Antibiotics + HT"
"ASV1230",1,0,0,0,1,0.422727679754471,0.0343,"Proteobacteria","Alphaproteobacteria","Rickettsiales","Fokiniaceae","MD3-55","Antibiotics"
"ASV1461",1,0,0,0,1,0.415425977695494,0.0344,"Bacteroidota","Bacteroidia","Chitinophagales","Saprospiraceae","Lewinella","Antibiotics"
"ASV155",0,1,0,0,2,0.392734015041019,0.0347,"Proteobacteria","Alphaproteobacteria","Rhodobacterales","Rhodobacteraceae","Silicimonas","Antibiotics + HT"
"ASV713",1,0,0,0,1,0.38990698854692,0.0354,"Bacteroidota","Bacteroidia","Chitinophagales","Saprospiraceae","Unclassified","Antibiotics"
"ASV558",0,0,0,1,4,0.403842394593547,0.0356,"Bacteroidota","Bacteroidia","Flavobacteriales","Flavobacteriaceae","Unclassified","High temperature"
"ASV87",1,0,0,0,1,0.381190486258973,0.0359,"Proteobacteria","Gammaproteobacteria","Pseudomonadales","Nitrincolaceae","Unclassified","Antibiotics"
"ASV541",1,0,0,0,1,0.411977670688494,0.0363,"Bacteroidota","Bacteroidia","Chitinophagales","Saprospiraceae","Unclassified","Antibiotics"
"ASV301",0,1,0,0,2,0.38816461123694,0.0373,"Bacteroidota","Bacteroidia","Flavobacteriales","Flavobacteriaceae","Unclassified","Antibiotics + HT"
"ASV275",0,1,0,0,2,0.397213117083866,0.0382,"Proteobacteria","Gammaproteobacteria","Enterobacterales","Alteromonadaceae","Paraglaciecola","Antibiotics + HT"
"ASV122",1,0,0,0,1,0.398186630240099,0.0386,"Proteobacteria","Gammaproteobacteria","Enterobacterales","Alteromonadaceae","Salinimonas","Antibiotics"
"ASV199",0,1,0,0,2,0.393353815029123,0.04,"Proteobacteria","Alphaproteobacteria","Rhizobiales","Methyloligellaceae","Unclassified","Antibiotics + HT"
"ASV557",0,1,0,0,2,0.393737012309252,0.0407,"Proteobacteria","Alphaproteobacteria","Rhizobiales","Devosiaceae","Maritalea","Antibiotics + HT"
"ASV974",1,0,0,0,1,0.387438578271342,0.0413,"Proteobacteria","Gammaproteobacteria","Chromatiales","Sedimenticolaceae","Sedimenticola","Antibiotics"
"ASV649",1,0,0,0,1,0.373540649307591,0.0427,"Proteobacteria","Gammaproteobacteria","Enterobacterales","Psychromonadaceae","Psychromonas","Antibiotics"
"ASV364",0,0,0,1,4,0.382789871655871,0.0429,"Proteobacteria","Alphaproteobacteria","Rhodobacterales","Rhodobacteraceae","Unclassified","High temperature"
"ASV851",0,0,1,0,3,0.3812688509223,0.0431,"Actinobacteriota","Actinobacteria","Micrococcales","Microbacteriaceae","Unclassified","Control"
"ASV313",1,0,0,0,1,0.376733548592145,0.0434,"Chloroflexi","Anaerolineae","Ardenticatenales","Ardenticatenaceae","Unclassified","Antibiotics"
"ASV95",1,0,0,0,1,0.376388371560521,0.0458,"Bacteroidota","Bacteroidia","Chitinophagales","Saprospiraceae","Unclassified","Antibiotics"
"ASV2",0,1,0,0,2,0.376338023669498,0.047,"Proteobacteria","Gammaproteobacteria","Enterobacterales","Alteromonadaceae","Alteromonas","Antibiotics + HT"
"ASV261",1,0,0,0,1,0.389780788126437,0.0473,"Proteobacteria","Gammaproteobacteria","Pseudomonadales","Alcanivoracaceae","Ketobacter","Antibiotics"
"ASV270",1,0,0,0,1,0.361474939524069,0.0474,"Proteobacteria","Gammaproteobacteria","Enterobacterales","Colwelliaceae","Colwellia","Antibiotics"
"ASV311",0,1,0,0,2,0.375693283248215,0.0481,"Bacteroidota","Bacteroidia","Flavobacteriales","Flavobacteriaceae","Polaribacter","Antibiotics + HT"
"ASV360",1,0,0,0,1,0.390459737576604,0.049,"Proteobacteria","Gammaproteobacteria","Enterobacterales","Vibrionaceae","Vibrio","Antibiotics"
