"Age",".y.","group1","group2","n1","n2","statistic","p","p.adj","p.adj.signif","Metric"
"Day 01","Shannon","Control","Antibiotics",3,2,-1.74876579855103,0.0803315110118235,0.481989066070941,"ns","Shannon"
"Day 01","Shannon","Control","High temperature",3,3,-0.674199862463242,0.500184257070794,1,"ns","Shannon"
"Day 01","Shannon","Control","Antibiotics + HT",3,2,-2.47239302553766,0.0134211874305192,0.0805271245831149,"ns","Shannon"
"Day 01","Shannon","Antibiotics","High temperature",2,3,1.1457431093955,0.251901460870671,1,"ns","Shannon"
"Day 01","Shannon","Antibiotics","Antibiotics + HT",2,2,-0.660578259075816,0.508882815353519,1,"ns","Shannon"
"Day 01","Shannon","High temperature","Antibiotics + HT",3,2,-1.86937033638213,0.0615713086122487,0.369427851673492,"ns","Shannon"
"Day 03","Shannon","Control","Antibiotics",4,2,1.82781538753483,0.0675772630558706,0.405463578335223,"ns","Shannon"
"Day 03","Shannon","Control","High temperature",4,3,0.493463771219827,0.621684932361044,1,"ns","Shannon"
"Day 03","Shannon","Control","Antibiotics + HT",4,2,1.82781538753483,0.0675772630558706,0.405463578335223,"ns","Shannon"
"Day 03","Shannon","Antibiotics","High temperature",2,3,-1.32115651815163,0.186449181219981,1,"ns","Shannon"
"Day 03","Shannon","Antibiotics","Antibiotics + HT",2,2,0,1,1,"ns","Shannon"
"Day 03","Shannon","High temperature","Antibiotics + HT",3,2,1.32115651815163,0.186449181219981,1,"ns","Shannon"
"Day 06","Shannon","Control","Antibiotics",4,2,0.348155311911396,0.72772354666955,1,"ns","Shannon"
"Day 06","Shannon","Control","High temperature",4,3,0.592156525463792,0.553745778412028,1,"ns","Shannon"
"Day 06","Shannon","Control","Antibiotics + HT",4,2,-0.174077655955698,0.861804433049011,1,"ns","Shannon"
"Day 06","Shannon","Antibiotics","High temperature",2,3,0.165144564768954,0.868830196925314,1,"ns","Shannon"
"Day 06","Shannon","Antibiotics","Antibiotics + HT",2,2,-0.452267016866645,0.651076634077834,1,"ns","Shannon"
"Day 06","Shannon","High temperature","Antibiotics + HT",3,2,-0.660578259075816,0.508882815353519,1,"ns","Shannon"
"Day 15","Shannon","Control","Antibiotics",3,3,1.81164325463135,0.070041336874616,0.420248021247696,"ns","Shannon"
"Day 15","Shannon","Control","High temperature",3,3,-1.01904933073014,0.308179547467054,1,"ns","Shannon"
"Day 15","Shannon","Control","Antibiotics + HT",3,3,1.24550473755906,0.212946275155601,1,"ns","Shannon"
"Day 15","Shannon","Antibiotics","High temperature",3,3,-2.83069258536149,0.0046447339422925,0.027868403653755,"*","Shannon"
"Day 15","Shannon","Antibiotics","Antibiotics + HT",3,3,-0.566138517072298,0.571299621499448,1,"ns","Shannon"
"Day 15","Shannon","High temperature","Antibiotics + HT",3,3,2.26455406828919,0.0235400582611779,0.141240349567068,"ns","Shannon"
"Day 01","Simpson","Control","Antibiotics",3,2,-1.62816126071992,0.103490696638391,0.620944179830347,"ns","Simpson"
"Day 01","Simpson","Control","High temperature",3,3,-0.404519917477945,0.685830434451606,1,"ns","Simpson"
"Day 01","Simpson","Control","Antibiotics + HT",3,2,-2.35178848770656,0.0186833954629977,0.112100372777986,"ns","Simpson"
"Day 01","Simpson","Antibiotics","High temperature",2,3,1.26634764722661,0.205388645346372,1,"ns","Simpson"
"Day 01","Simpson","Antibiotics","Antibiotics + HT",2,2,-0.660578259075816,0.508882815353519,1,"ns","Simpson"
"Day 01","Simpson","High temperature","Antibiotics + HT",3,2,-1.98997487421324,0.0465937033711319,0.279562220226792,"ns","Simpson"
"Day 03","Simpson","Control","Antibiotics",4,2,2.08893187146837,0.0367138563627041,0.220283138176225,"ns","Simpson"
"Day 03","Simpson","Control","High temperature",4,3,0.131590338991954,0.895308327439179,1,"ns","Simpson"
"Day 03","Simpson","Control","Antibiotics + HT",4,2,1.56669890360128,0.117185087198138,0.703110523188828,"ns","Simpson"
"Day 03","Simpson","Antibiotics","High temperature",2,3,-1.87163840071481,0.0612566469679658,0.367539881807795,"ns","Simpson"
"Day 03","Simpson","Antibiotics","Antibiotics + HT",2,2,-0.452267016866645,0.651076634077834,1,"ns","Simpson"
"Day 03","Simpson","High temperature","Antibiotics + HT",3,2,1.37620470640795,0.168758265419677,1,"ns","Simpson"
"Day 06","Simpson","Control","Antibiotics",4,2,-0.174077655955698,0.861804433049011,1,"ns","Simpson"
"Day 06","Simpson","Control","High temperature",4,3,-0.197385508487931,0.843525869092694,1,"ns","Simpson"
"Day 06","Simpson","Control","Antibiotics + HT",4,2,-0.522232967867094,0.60150813444059,1,"ns","Simpson"
"Day 06","Simpson","Antibiotics","High temperature",2,3,0,1,1,"ns","Simpson"
"Day 06","Simpson","Antibiotics","Antibiotics + HT",2,2,-0.301511344577764,0.763024600552995,1,"ns","Simpson"
"Day 06","Simpson","High temperature","Antibiotics + HT",3,2,-0.330289129537908,0.741181505873604,1,"ns","Simpson"
"Day 15","Simpson","Control","Antibiotics",3,3,1.24550473755906,0.212946275155601,1,"ns","Simpson"
"Day 15","Simpson","Control","High temperature",3,3,-1.01904933073014,0.308179547467054,1,"ns","Simpson"
"Day 15","Simpson","Control","Antibiotics + HT",3,3,1.81164325463135,0.070041336874616,0.420248021247696,"ns","Simpson"
"Day 15","Simpson","Antibiotics","High temperature",3,3,-2.26455406828919,0.0235400582611779,0.141240349567068,"ns","Simpson"
"Day 15","Simpson","Antibiotics","Antibiotics + HT",3,3,0.566138517072298,0.571299621499448,1,"ns","Simpson"
"Day 15","Simpson","High temperature","Antibiotics + HT",3,3,2.83069258536149,0.0046447339422925,0.027868403653755,"*","Simpson"
"Day 01","Observed","Control","Antibiotics",3,2,1.75408929883649,0.0794152070241364,0.476491242144818,"ns","Observed"
"Day 01","Observed","Control","High temperature",3,3,0.473376558200402,0.635944551134456,1,"ns","Observed"
"Day 01","Observed","Control","Antibiotics + HT",3,2,0.0302429189454566,0.97587331980345,1,"ns","Observed"
"Day 01","Observed","Antibiotics","High temperature",2,3,-1.33068843360009,0.18329155041836,1,"ns","Observed"
"Day 01","Observed","Antibiotics","Antibiotics + HT",2,2,-1.57364924656656,0.115568561379736,0.693411368278415,"ns","Observed"
"Day 01","Observed","High temperature","Antibiotics + HT",3,2,-0.393157946290937,0.694202827868803,1,"ns","Observed"
"Day 03","Observed","Control","Antibiotics",4,2,1.22132248604383,0.221963942897956,1,"ns","Observed"
"Day 03","Observed","Control","High temperature",4,3,1.1870138823734,0.235222144721295,1,"ns","Observed"
"Day 03","Observed","Control","Antibiotics + HT",4,2,2.00645836992915,0.0448073660836822,0.268844196502093,"ns","Observed"
"Day 03","Observed","Antibiotics","High temperature",2,3,-0.165521177720474,0.868533782319752,1,"ns","Observed"
"Day 03","Observed","Antibiotics","Antibiotics + HT",2,2,0.679947620867437,0.496537627221541,1,"ns","Observed"
"Day 03","Observed","High temperature","Antibiotics + HT",3,2,0.910366477462605,0.362629270562633,1,"ns","Observed"
"Day 06","Observed","Control","Antibiotics",4,2,1.30558241966773,0.191694602051888,1,"ns","Observed"
"Day 06","Observed","Control","High temperature",4,3,0.888234788195688,0.374414469475017,1,"ns","Observed"
"Day 06","Observed","Control","Antibiotics + HT",4,2,1.82781538753483,0.0675772630558706,0.405463578335223,"ns","Observed"
"Day 06","Observed","Antibiotics","High temperature",2,3,-0.495433694306862,0.620294015349161,1,"ns","Observed"
"Day 06","Observed","Antibiotics","Antibiotics + HT",2,2,0.452267016866645,0.651076634077834,1,"ns","Observed"
"Day 06","Observed","High temperature","Antibiotics + HT",3,2,0.990867388613724,0.321750338238892,1,"ns","Observed"
"Day 15","Observed","Control","Antibiotics",3,3,2.49100947511811,0.0127380722748575,0.0764284336491448,"ns","Observed"
"Day 15","Observed","Control","High temperature",3,3,0.11322770341446,0.909850032747284,1,"ns","Observed"
"Day 15","Observed","Control","Antibiotics + HT",3,3,1.24550473755906,0.212946275155601,1,"ns","Observed"
"Day 15","Observed","Antibiotics","High temperature",3,3,-2.37778177170365,0.0174171302869,0.1045027817214,"ns","Observed"
"Day 15","Observed","Antibiotics","Antibiotics + HT",3,3,-1.24550473755906,0.212946275155601,1,"ns","Observed"
"Day 15","Observed","High temperature","Antibiotics + HT",3,3,1.1322770341446,0.257517982249063,1,"ns","Observed"
